{
    "name": "bootstrapValidator",
    "version": "0.5.1",
    "title": "BootstrapValidator",
    "author": {
        "name": "Nguyen Huu Phuoc",
        "email": "phuoc@huuphuoc.me",
        "url": "https://twitter.com/nghuuphuoc"
    },
    "licenses": [
        {
            "type": "MIT",
            "url": "http://opensource.org/licenses/mit-license.html"
        }
    ],
    "dependencies": {
        "jquery": ">= 1.9.0",
        "bootstrap": ">= 3.0.0"
    },
    "description": "The best jQuery plugin to validate form fields. Designed to use with Bootstrap 3",
    "keywords": ["jQuery", "plugin", "validate", "validator", "form", "Bootstrap"],
    "homepage": "http://bootstrapvalidator.com",
    "bugs": "https://github.com/nghuuphuoc/bootstrapvalidator/issues",
    "maintainers": [
        { "name": "Nguyen Huu Phuoc", "email": "phuoc@huuphuoc.me", "url": "https://twitter.com/nghuuphuoc" }
    ]
}